id,tipo,capital,taxa,ano,mes,dia,montante,rendimento
0000001,investimento,1,0.01,2023,5,28,1,0
0000002,investimento,1,0.01,2023,5,28,1883.0,6243.715
0000003,investimento,1,0.01,2023,5,28,4012.672,8064.198
0000004,investimento,1,0.01,2023,5,28,17064.33,7187.09
0000005,investimento,1,0.01,2023,5,28,32461.420000000002,0.0
0000006,investimento,1,0.01,2023,5,28,36654.710999999996,-3764.646
