id,tipo,capital,taxa,ano,mes,dia,montante,rendimento
0000001,investimento,1,0.01,2023,5,28,1,0
0000002,investimento,1,0.01,2023,5,28,2.0,0.0
0000003,investimento,1,0.01,2023,5,28,8127.715,0.0
0000004,investimento,22,0.01,2023,5,28,12098.87,0.0
0000005,investimento,1,0.01,2023,5,28,24252.420000000002,0.0
0000006,investimento,1,0.01,2023,5,28,32462.420000000002,0.0
