id,tipo,capital,taxa,ano,mes,dia,montante,rendimento
0000001,investimento,1882.0,0.0001,2023,1,1,0,0
0000002,investimento,1574.0,0.0001,2023,1,27,1574.0,0.0
0000003,investimento,9072.0,0.0001,2023,4,14,10646.0,12.166
0000004,investimento,13,0.0001,2023,5,28,10671.166,46.943
0000005,investimento,988.0,0.0001,2023,6,9,11706.108999999999,12.812
0000006,investimento,1063.0,0.0001,2023,12,16,12781.920999999998,224.531
